ID,orig,dest,duration,distance
1,97,118,1524,6726
2,97,119,1336,5721
3,48,127,1928,8337
4,48,126,2058,8878
5,48,121,1894,8135
6,48,120,2100,9189
7,48,123,1675,7030
8,48,122,1750,7213
9,97,110,859,3861
10,97,111,1757,7846
11,97,112,1697,7576
12,97,113,1375,6444
13,48,129,1770,8419
14,97,115,1586,7187
15,97,116,1327,6425
16,97,117,1848,8191
17,74,138,455,2117
18,78,79,264,961
19,43,57,1067,3958
20,43,56,1423,4886
21,50,128,1309,6529
22,43,54,494,1573
23,43,53,1108,4317
24,43,52,1127,4419
25,43,51,1146,4158
26,43,50,1037,3737
27,50,122,1366,5091
28,50,123,1291,4908
29,50,120,1716,7067
30,50,121,1510,6013
31,50,126,1566,6918
32,50,127,1279,5163
33,50,124,1421,5660
34,50,125,1091,4023
35,48,125,1475,6145
36,109,119,1344,5304
37,109,118,2108,9203
38,48,124,1805,7782
39,109,115,2170,9664
40,109,114,1844,7977
41,109,117,1517,6277
42,109,116,1509,5923
43,109,111,1832,7919
44,109,110,2453,10090
45,109,113,1933,7865
46,109,112,1313,5737
47,97,114,1722,7837
48,144,145,220,1132
49,48,128,1023,4170
50,33,67,596,2386
51,26,35,492,1780
52,45,73,1306,6055
53,45,72,1215,4837
54,45,71,1779,7812
55,45,70,1284,5916
56,33,66,710,3242
57,83,119,955,3660
58,83,118,2158,9225
59,83,117,1272,5087
60,83,116,1210,4526
61,83,115,2220,9686
62,83,114,1514,6043
63,83,113,1584,6221
64,83,112,1131,4458
65,83,111,1787,7587
66,83,110,2143,8810
67,45,75,1021,3218
68,45,74,1380,6245
69,88,89,444,2038
70,70,128,869,3712
71,70,129,155,520
72,70,120,2222,8518
73,70,121,2118,8078
74,70,122,2035,7394
75,70,123,2086,8598
76,70,124,2216,9351
77,70,125,1886,7713
78,70,126,1389,5837
79,70,127,839,3412
80,43,55,1291,4726
81,70,86,1553,5765
82,70,87,306,1221
83,70,84,1107,5088
84,50,129,1491,7149
85,70,82,1268,5348
86,70,83,1838,7336
87,70,80,641,3234
88,70,81,1676,7673
89,70,88,501,2297
90,70,89,268,1061
101,36,113,718,2710
102,36,112,514,1840
103,36,111,925,3434
104,36,110,1847,8705
105,36,117,665,2455
106,36,116,360,1340
107,36,115,1354,6175
108,36,114,890,3425
109,71,105,2636,10449
110,36,119,32,108
111,36,118,1292,5714
112,43,59,469,1335
113,43,58,763,2846
114,88,132,388,1654
115,88,133,591,2456
116,88,130,267,1297
117,88,131,619,2433
118,88,136,436,1623
119,88,137,483,2213
120,88,134,748,3617
121,88,135,169,683
122,88,138,394,1946
123,88,139,871,4175
124,24,129,2064,9100
125,24,128,1439,6060
126,24,123,1722,7572
127,24,122,2044,7894
128,24,121,2187,8816
129,24,120,2393,9870
130,24,127,2221,9018
131,24,126,2351,9559
132,24,125,1768,6826
133,24,124,2099,8463
134,56,57,677,2190
135,56,59,1002,3585
136,56,58,1126,4268
137,69,144,1948,8196
138,69,145,1705,6941
139,69,140,1937,7676
140,69,141,1972,8023
141,69,142,2088,8683
142,69,143,1933,7621
143,14,29,1382,6129
144,14,26,908,3608
145,14,27,494,1862
146,14,24,1569,6223
147,14,25,760,2846
148,14,22,1386,5408
149,14,23,1371,5551
150,14,20,1558,6209
151,14,21,570,2294
152,47,99,306,711
153,47,98,321,1263
154,24,32,1733,7040
155,24,33,1415,5293
156,24,30,1700,6664
157,24,31,152,594
158,24,36,975,3541
159,24,37,2534,11663
160,24,34,1773,6891
161,24,35,506,1576
162,73,141,972,4113
163,45,128,1144,3644
165,24,39,880,3543
166,73,145,705,3031
167,47,95,931,4211
168,72,89,832,3648
169,47,94,467,1858
170,33,109,1319,5217
171,72,84,229,1141
172,72,85,2056,7952
173,33,101,204,571
174,33,100,1123,3863
175,33,103,385,1450
176,33,102,892,3109
177,33,105,1300,4438
178,72,86,1606,7346
179,33,107,1924,7835
180,33,106,1800,7237
181,16,86,854,4384
182,16,87,1509,6712
183,16,84,1155,4834
184,72,87,826,3326
185,16,82,996,4730
186,16,83,713,3080
187,25,128,1178,4116
188,25,129,1583,6387
189,25,126,1301,5848
190,25,127,1398,5489
191,25,124,1048,4753
192,25,125,718,3115
193,25,122,993,4183
194,25,123,918,4000
195,25,120,1343,6159
196,25,121,1137,5106
197,72,82,1749,7692
198,72,83,1714,6784
199,41,139,1594,7192
200,41,138,1307,5576
201,41,137,1187,5156
202,41,136,1113,4239
203,41,135,1187,4940
204,41,134,1471,6634
205,41,133,1286,5505
206,41,132,1104,4236
207,41,131,694,2356
208,41,130,1216,4918
209,9,101,638,2399
210,9,100,1505,5209
211,9,103,711,2979
212,9,102,1218,4638
213,9,105,1733,5877
214,9,104,2031,7161
215,9,107,2045,7741
216,9,106,1921,7143
217,9,109,2196,8856
218,9,108,1906,6965
219,106,140,2984,13538
220,12,88,1395,5257
221,12,89,1539,6396
222,96,99,1505,5924
223,12,82,761,3029
224,12,83,690,2514
225,12,80,1009,3711
226,12,81,892,3312
227,12,86,619,2683
228,12,87,1563,6753
229,12,84,1232,5126
230,12,85,926,3271
231,30,37,1426,5870
232,30,36,828,3692
233,30,35,1295,5598
234,30,34,683,2818
235,106,143,2580,11596
236,30,32,439,1721
237,30,31,1774,7446
238,30,39,934,3706
240,107,139,2816,13058
241,107,138,2339,10828
242,62,109,1440,5334
243,62,108,1318,5148
244,96,98,1063,5044
245,107,131,2221,9910
246,107,130,2213,10179
247,107,133,2536,11339
248,107,132,2333,10537
249,107,135,2091,9556
250,107,134,2693,12499
251,107,137,2428,11095
252,107,136,1779,7693
263,18,99,2003,8797
264,106,145,2759,12818
265,121,128,1828,7913
266,121,129,2233,10184
267,121,122,211,976
268,121,123,563,2818
269,121,126,1053,4450
270,121,127,1102,4686
271,121,124,145,790
272,121,125,373,1987
273,63,107,524,2133
274,106,144,3007,13951
275,46,76,857,3082
276,46,77,1761,7348
277,46,74,1098,4419
278,46,75,748,2558
279,46,72,942,4177
280,46,73,1564,6231
281,46,70,1432,5934
282,46,71,1393,5376
283,73,79,520,2064
284,46,78,1426,6292
285,46,79,1228,4613
286,48,71,1454,6635
287,104,114,1415,6046
288,66,137,1305,5127
289,66,134,1589,6605
290,66,135,1305,4911
291,66,132,1222,4208
292,66,133,1404,5476
293,66,130,1334,4889
294,66,131,873,3174
295,21,104,1149,4064
296,21,105,916,3230
297,21,106,1133,3961
298,21,107,1257,4559
299,21,100,719,2655
300,21,101,465,1960
301,66,138,1425,5547
302,66,139,1712,7163
303,5,25,508,1854
304,5,24,1202,4548
305,5,27,418,1490
306,5,26,683,2520
307,5,21,252,1016
308,5,20,1190,4534
309,5,23,1004,3876
310,5,22,1019,3733
311,5,29,1120,5150
312,76,77,927,3487
313,93,114,1745,7288
314,93,115,2072,8975
315,13,61,700,2668
316,13,60,1365,5242
317,93,110,2656,10659
318,93,111,1734,7230
319,93,112,1215,5048
320,93,113,1708,6755
321,13,69,1426,5121
322,13,68,1357,4701
323,93,118,2009,8514
324,93,119,1468,5509
325,122,125,268,1285
326,122,124,511,2695
327,122,127,947,3853
328,122,126,898,3617
329,122,123,458,2115
330,122,129,2078,9351
331,122,128,1673,7080
333,18,93,2871,12419
334,50,68,1086,4821
335,50,69,1180,4574
336,50,62,1010,4503
337,50,63,877,2803
338,50,60,597,2364
339,50,61,331,1270
340,50,66,1509,7033
341,50,67,920,3765
342,50,64,625,2223
343,50,65,1045,4006
344,107,108,691,2872
345,100,145,2290,9475
346,100,144,2533,10729
347,100,143,2435,9057
348,100,142,2673,11217
349,100,141,2557,10557
350,107,109,796,3352
351,68,129,382,1642
352,104,106,388,1637
353,51,141,2337,9506
354,51,140,2301,9159
355,51,143,2215,8006
356,51,142,2453,10166
357,51,145,2070,8424
358,51,144,2313,9678
359,48,77,1468,6241
360,70,85,2607,11532
361,104,105,657,2602
362,18,29,114,447
363,86,118,2126,9723
364,86,119,975,4698
365,18,22,1903,8259
366,18,23,1762,8026
367,18,20,2074,9060
368,18,21,1527,6476
369,18,26,1763,7453
370,18,27,1593,7302
371,18,24,2086,9074
372,18,25,1742,7511
373,82,109,1526,6525
374,82,108,1459,6110
375,82,101,728,3229
376,39,108,651,2733
377,82,100,1058,4354
378,82,103,902,4442
379,80,89,814,3430
380,80,88,469,1748
381,82,102,1146,4794
382,80,81,1118,4506
383,82,105,1286,5023
384,80,83,1416,5030
385,80,82,1450,5938
386,80,85,2226,8536
387,80,84,398,1725
388,80,87,577,2711
389,82,104,1584,6306
390,82,107,1964,8251
391,48,109,1514,6009
392,48,108,1408,5529
393,48,107,1134,4289
394,48,106,1005,3710
395,48,105,1249,4880
396,82,106,1840,7653
397,48,103,996,4153
398,48,102,837,3324
399,48,101,1404,6166
400,48,100,1193,4769
401,50,104,1212,4803
402,50,105,1211,3932
403,50,106,1112,3801
404,50,107,1237,4400
405,50,100,1013,3357
406,50,101,765,2947
407,50,102,724,2158
408,50,103,336,1305
409,78,95,215,847
410,78,94,755,3228
411,78,97,747,2998
412,78,96,555,2339
413,50,108,1258,4547
414,50,109,1321,4867
415,78,93,2642,10333
416,78,92,3061,12636
417,71,72,823,3375
418,71,73,551,1989
419,34,37,1216,5120
420,34,36,561,2092
421,34,35,990,3728
422,32,145,1949,8072
423,34,39,828,3032
425,71,78,242,1121
426,71,79,162,763
427,7,132,1947,8874
428,7,133,2150,9677
429,7,130,1827,8517
430,7,131,1886,7882
431,7,136,1393,6031
432,7,137,2042,9433
433,7,134,2308,10837
434,7,135,1705,7893
435,7,138,1953,9166
436,7,139,2431,11396
437,36,84,1084,4841
438,36,85,1309,5155
439,36,86,967,4722
440,36,87,1385,6444
441,36,80,798,2978
442,36,81,377,1295
443,36,82,1109,5068
444,36,83,960,3735
445,77,145,502,2713
446,77,144,634,3206
447,36,88,1436,6476
448,36,89,1328,5662
449,77,143,272,1180
450,77,142,740,3861
451,55,118,1380,6031
452,55,119,230,1005
453,55,112,712,2737
454,55,113,806,3027
455,55,110,1419,6232
456,55,111,1188,4429
457,55,116,558,2238
458,55,117,862,3352
459,55,114,1153,4420
460,55,115,1443,6492
461,74,144,786,3822
462,74,145,543,2568
463,74,142,926,4310
464,74,143,771,3248
465,74,140,775,3303
466,74,141,810,3650
475,79,143,558,1955
476,79,142,938,4252
479,79,145,537,2492
480,79,144,785,3626
481,70,142,1051,4677
482,70,143,896,3615
483,70,140,899,3670
484,70,141,935,4017
485,70,144,911,4189
486,70,145,668,2935
487,21,39,393,1328
489,21,35,709,2786
490,21,34,447,1852
491,21,37,1450,6300
492,21,36,280,1150
493,21,31,1188,4633
494,21,30,496,2405
495,21,33,551,1698
496,21,32,493,2117
497,88,118,1097,4991
498,88,119,1360,4903
499,88,114,1143,4435
500,88,115,1160,5452
501,88,116,1222,5218
502,88,117,1412,5520
503,88,110,1234,5521
504,88,111,1178,4445
505,88,112,1394,5515
506,88,113,1098,4658
507,11,112,1278,5378
508,23,95,885,4225
509,23,94,846,3782
510,56,71,2180,8050
511,23,96,1293,6110
512,56,77,2547,10022
513,23,90,595,2768
514,23,93,1285,5539
515,23,92,1704,7842
516,56,79,2014,7287
517,56,78,2213,8966
518,23,99,178,237
519,23,98,695,3221
520,82,85,1586,6318
521,82,84,1679,7403
522,90,116,704,2765
523,64,105,1073,4625
524,64,104,628,2855
525,64,107,656,2886
526,64,106,525,2308
527,94,117,738,2863
528,94,116,809,3231
529,27,99,1301,4938
530,27,98,1667,7601
531,33,121,1344,5342
532,33,120,1448,5783
533,18,122,1473,6161
534,18,123,1799,7807
535,18,120,1659,7285
536,18,121,1555,6845
537,27,91,1309,5012
538,27,90,1461,6318
539,27,93,1348,4903
540,33,128,986,5150
541,27,95,1467,5728
542,27,94,1818,8162
543,27,97,1695,7207
544,27,96,1535,6265
545,25,108,776,3199
546,25,109,839,3519
547,25,100,494,1960
548,25,101,708,2803
549,25,102,205,761
550,25,103,373,1407
551,25,104,900,3366
552,25,105,691,2535
553,25,106,884,3263
554,25,107,1008,3861
555,40,48,307,1257
556,9,129,963,4186
557,9,128,1188,3339
558,9,127,429,2114
559,9,126,845,2967
560,9,125,1400,5284
561,9,124,1651,6867
562,9,123,1599,6286
563,9,122,1273,4640
564,9,121,1356,5324
565,9,120,1459,5764
566,55,65,1340,5267
567,55,64,920,3484
568,55,67,662,1435
569,55,66,1144,4872
570,55,61,119,471
571,55,60,783,3045
572,55,63,1037,3559
573,55,62,577,2993
574,55,69,839,3311
575,55,68,828,2492
576,17,49,1576,7042
577,17,48,1940,8228
578,74,99,1704,6882
579,63,102,548,2159
582,63,103,957,3760
591,26,56,512,2121
592,26,57,347,1426
593,26,54,514,1776
594,26,55,682,2385
595,26,52,519,2044
596,26,53,847,2813
597,26,50,497,1696
598,26,51,278,1114
599,63,106,383,1571
600,74,98,1262,6002
601,19,121,1097,4605
602,26,58,640,2238
603,26,59,515,1556
604,11,119,796,3646
605,19,120,1201,5045
606,63,104,405,1567
607,19,127,535,2253
608,63,105,876,3516
609,19,126,915,3339
610,32,66,949,3798
611,32,67,803,2535
612,10,85,1985,8723
613,32,65,1657,6673
614,32,62,331,966
615,13,50,809,2983
616,32,60,1096,4562
617,32,61,436,1877
618,19,124,1280,5185
619,32,68,1002,3263
620,32,69,643,2237
621,46,58,632,2767
622,46,59,761,3143
623,46,54,741,2994
624,46,55,167,432
625,46,56,763,2547
626,46,57,249,625
627,46,50,329,1637
628,46,51,613,2115
629,46,52,139,746
630,46,53,332,860
631,116,120,1849,7965
632,116,121,1643,6911
633,116,122,1500,5989
634,116,123,1424,5806
635,116,124,1554,6558
636,116,125,1224,4921
637,116,126,1766,7176
638,104,139,3149,14408
639,116,128,1047,5552
640,104,137,2760,12446
641,104,134,3026,13850
642,104,135,1883,6862
643,104,132,2666,11887
644,104,133,2581,10327
645,104,130,2545,11530
646,104,131,1931,7008
647,5,43,1167,4166
648,5,42,570,2232
649,5,41,1142,4486
650,5,40,1314,5059
651,5,47,1382,5015
652,5,46,177,750
653,5,45,280,1004
654,5,44,1168,4296
655,5,49,775,2963
656,5,48,1138,4149
657,6,142,1992,9268
658,36,37,1865,8792
659,60,90,562,2357
660,60,91,904,3845
661,60,92,2194,9264
662,60,93,1775,6961
663,60,94,812,3371
664,60,95,852,3814
665,60,96,1259,5699
666,60,97,1321,6474
667,60,98,662,2811
668,60,99,511,1654
669,6,140,1815,8229
670,36,39,582,1983
672,81,145,1901,8857
673,81,142,2302,10617
674,86,138,2204,9235
675,86,139,2678,11527
676,86,130,2068,8323
677,86,131,1261,3837
678,86,132,2189,8571
679,86,133,2138,8910
680,86,134,2555,10968
681,86,135,1727,7063
682,86,136,1593,6378
683,86,137,2271,9491
684,17,45,1327,4960
685,49,103,478,1973
686,85,115,1739,7721
687,85,114,1413,6034
688,85,117,1086,4334
689,85,116,986,3573
690,85,111,1401,5976
691,85,110,2666,12221
692,85,113,1376,5500
693,85,112,882,3793
694,85,119,977,3679
695,85,118,1677,7260
696,43,99,358,906
697,43,98,639,2629
698,43,93,1474,5110
699,43,92,1893,7413
700,43,91,1289,5766
701,43,90,947,4278
702,43,97,1913,8666
703,43,96,1644,7620
704,43,95,1237,5735
705,43,94,785,3224
706,27,64,1388,5350
707,27,65,1808,7133
708,5,109,1275,4335
709,5,108,1154,4149
710,34,59,1024,3872
711,34,58,923,3871
712,34,51,996,3653
713,34,50,592,2367
714,34,53,525,1573
715,34,52,402,1476
716,34,55,296,1106
717,34,54,1004,3724
718,34,57,632,2163
719,34,56,1138,3733
720,5,105,981,3062
721,5,104,1279,4345
722,5,107,1509,5575
723,5,106,1385,4976
724,27,68,1257,4909
725,27,69,1090,3915
726,7,118,961,4259
727,7,119,991,3746
728,5,103,306,1179
729,7,110,2499,11673
730,7,111,685,2975
731,7,112,460,1396
732,7,113,863,2741
733,7,114,697,3033
734,7,115,1023,4720
735,81,140,2125,9578
736,81,141,2161,9925
737,13,132,1909,6967
738,13,133,2262,9032
739,13,130,1742,6553
740,13,131,1612,5714
741,13,136,1429,4883
742,13,137,1982,7936
743,13,134,2265,9414
744,13,135,1563,5568
745,13,138,2040,7740
746,13,139,2388,9972
747,49,117,467,1781
748,49,116,186,687
749,49,111,726,2760
750,49,110,1866,9336
751,49,113,543,2057
752,16,70,1675,7175
753,49,112,316,1166
754,55,134,1736,7204
755,55,135,1034,3359
756,55,136,899,2674
757,55,137,1452,5727
758,55,130,1213,4344
759,55,131,1082,3504
760,55,132,1380,4758
761,55,133,1494,6838
762,55,138,1511,5531
763,55,139,1859,7763
764,128,134,1272,5724
765,128,135,498,2045
766,128,136,224,993
767,128,137,1007,4321
768,128,130,719,3160
769,128,131,684,2947
770,128,132,886,3574
771,128,133,1060,4221
772,128,138,918,4054
773,128,139,1395,6283
774,92,145,3647,16839
775,64,98,767,3457
776,64,99,417,1347
777,64,94,914,4052
778,64,95,1219,5510
779,64,96,1627,7394
780,64,97,1875,8803
781,64,90,929,4053
782,64,91,1271,5540
783,64,92,1346,6315
784,64,93,926,4012
785,92,140,3871,17560
786,8,23,1927,8536
787,92,141,3907,17907
788,62,67,1131,3537
789,62,66,790,3007
790,10,78,1539,7032
791,62,65,1978,8241
792,132,139,776,3345
793,132,138,386,1446
794,132,135,366,1481
795,132,134,653,2786
796,132,137,395,1428
797,132,136,810,3261
798,132,133,403,1230
799,10,76,673,2569
800,62,64,1557,6458
801,10,71,1316,5302
802,31,98,891,3947
803,31,99,605,1925
804,31,92,1487,6040
805,31,93,1067,3737
806,31,90,1199,5597
807,31,91,1541,7084
808,31,96,1896,8939
809,31,97,2096,9547
810,31,94,1037,4542
811,31,95,1488,7054
812,14,62,174,670
813,14,63,1375,5065
814,14,60,1332,5392
815,14,61,668,2818
816,14,66,963,3677
817,14,67,1159,3795
818,14,64,1469,5831
819,14,65,1889,7614
820,14,68,1325,4852
821,14,69,658,2116
822,18,100,2252,9464
823,18,101,1140,4670
824,18,102,1963,8264
825,18,103,1437,6325
826,18,104,2573,11263
827,18,105,2449,10039
828,18,106,2473,10261
829,18,107,2597,10859
830,18,108,2497,10654
831,18,109,2396,10377
832,7,92,1547,6684
833,7,93,1127,4381
834,7,90,1121,5169
835,7,91,1463,6657
836,7,96,1819,8511
837,7,97,2019,9120
838,7,94,960,4115
839,7,95,1411,6626
840,7,98,813,3520
841,7,99,527,1498
842,42,70,1553,7530
843,5,87,1184,5552
844,42,71,1540,7216
845,5,86,498,2656
846,8,68,867,3131
847,26,131,1578,5847
848,5,83,1045,3600
849,5,82,640,3002
850,39,45,774,2946
851,39,44,908,3329
852,39,47,1000,3634
853,39,46,417,1453
854,40,129,1905,9185
855,40,128,993,4313
856,39,43,915,3185
857,39,42,683,2390
858,40,125,1686,6993
859,40,124,2016,8630
860,40,127,2062,9103
861,40,126,2442,10189
862,40,121,2105,8983
863,40,120,2311,10037
864,40,123,1886,7878
865,40,122,1962,8061
866,4,17,1555,7106
867,4,16,229,1021
868,4,15,1882,8583
869,4,14,841,4040
870,4,13,444,1857
871,4,12,504,2374
872,4,11,841,4099
873,4,10,1086,4882
874,15,89,795,2941
875,15,88,1231,4670
876,26,138,2060,9045
877,4,19,1113,4429
878,4,18,1772,8344
879,47,75,1200,5312
880,47,74,1478,6775
881,47,77,1388,5814
882,26,139,2355,10105
883,47,71,1374,6207
884,47,70,2010,9293
885,47,73,1621,6886
886,47,72,807,3538
887,47,79,1209,5445
888,47,78,1053,4758
889,5,89,1390,5409
890,8,65,2570,10975
891,91,118,981,4147
892,91,119,1055,3709
893,9,73,1018,4233
894,91,112,1163,4414
895,91,113,781,1977
896,91,110,1293,5750
897,91,111,947,3344
898,91,116,905,2537
899,91,117,1181,4419
900,91,114,912,3334
901,91,115,1044,4609
903,26,78,1640,7051
904,26,79,1796,7738
905,26,74,1613,6372
906,26,75,1263,4512
907,26,76,1372,5036
908,26,77,1975,8107
909,26,70,1974,8814
910,26,71,1961,8501
911,26,72,1457,6130
912,26,73,2106,9112
913,77,87,1079,4569
914,77,86,2370,10863
915,77,85,2672,10588
916,77,84,879,3989
917,77,83,2478,10302
918,77,82,2241,9528
919,77,81,1704,7316
920,77,80,888,4070
921,77,89,702,2973
922,77,88,498,2153
923,17,23,1680,7579
924,17,22,1820,7812
925,17,21,1445,6029
926,17,20,1992,8613
927,17,27,2018,8703
928,17,26,1680,7006
929,17,25,1660,7064
930,17,24,2003,8627
931,32,44,1304,5030
932,32,45,148,546
933,17,29,112,489
934,32,47,1517,5749
935,32,40,1449,5793
936,32,41,816,2956
937,32,42,705,2965
938,32,43,1303,4899
939,6,39,1128,3866
941,6,37,1864,9645
942,6,36,771,2346
943,6,35,373,1360
944,6,34,1001,4372
945,6,33,754,3700
946,6,32,906,4567
947,6,31,970,3426
948,6,30,1239,5893
950,6,48,601,1936
951,6,49,449,1750
952,111,130,1141,5542
953,111,131,1390,6095
954,111,132,1262,5899
955,111,133,1464,6702
956,111,134,1622,7862
957,111,135,1019,4918
958,111,136,707,3056
959,111,137,1357,6458
960,111,138,1268,6191
961,111,139,1745,8420
962,5,63,1150,3978
963,5,62,419,2054
964,5,65,1521,5940
965,5,64,1101,4157
966,5,67,791,2121
967,5,66,1275,5328
968,6,45,824,4153
969,12,33,814,2761
970,6,43,720,2098
971,6,40,535,1940
972,60,78,975,4361
973,60,79,1130,5047
974,60,76,992,4425
975,60,77,1309,5417
976,60,74,1601,7560
977,60,75,883,3901
978,60,72,674,1179
979,60,73,1637,7527
980,60,70,1505,7230
981,60,71,1295,5810
982,15,116,1584,7593
983,15,117,2104,9359
984,15,114,1978,9005
985,15,115,2268,11077
986,15,112,1954,8744
987,15,113,1631,7612
988,15,110,326,1520
989,15,111,2013,9014
990,15,118,2205,10616
991,15,119,1593,6889
992,100,103,806,3370
993,100,102,312,1323
994,100,101,936,3414
995,100,107,1274,5042
996,100,106,1150,4443
997,100,105,237,916
998,100,104,720,2863
999,100,109,532,2189
1000,100,108,527,2502
1001,112,137,1640,7573
1002,112,136,991,4171
1003,112,135,1302,6033
1004,112,134,1905,8977
1005,112,133,2046,9766
1006,112,132,1545,7014
1007,112,131,1447,6495
1008,112,130,1424,6657
1009,112,139,2028,9535
1010,112,138,1551,7306
1011,13,27,600,2336
1012,13,26,372,1605
1013,13,25,411,1457
1014,13,24,1037,4190
1015,13,23,1001,3966
1016,13,22,1008,3823
1017,13,21,603,2144
1018,13,20,1126,4376
1019,13,29,1774,6901
1020,35,99,202,628
1021,93,98,1862,7774
1022,93,99,1576,5752
1023,93,96,2345,8902
1024,93,97,2505,9845
1025,93,94,2008,8369
1026,93,95,2459,10881
1027,39,145,2059,8440
1028,39,144,2302,9694
1029,39,143,2203,8021
1030,39,142,2442,10182
1031,39,141,2326,9522
1032,39,140,2290,9175
1033,85,88,2275,10221
1034,85,89,2112,8239
1035,85,86,1386,6030
1036,85,87,2205,9960
1037,35,90,737,3424
1038,73,140,936,3766
1039,73,143,933,3711
1040,35,91,1079,4912
1041,61,80,712,2623
1042,61,81,455,1722
1043,61,82,1023,4712
1044,61,83,882,3591
1045,61,84,953,4054
1046,61,85,1387,5581
1047,61,86,881,4366
1048,61,87,1254,5657
1049,61,88,1099,4168
1050,61,89,1242,5307
1051,73,144,948,4285
1052,61,128,872,3179
1053,61,129,1264,5442
1054,61,126,1358,6179
1055,61,127,1243,4573
1056,61,124,1249,5613
1057,61,125,919,3975
1058,61,122,1194,5043
1059,61,123,1118,4860
1060,61,120,1544,7019
1061,61,121,1337,5966
1062,48,143,1647,7142
1063,48,142,2227,10124
1064,48,141,2086,9432
1065,48,140,2051,9085
1066,48,145,1826,8364
1067,48,144,2074,9498
1068,71,102,2128,8980
1069,19,89,1453,4762
1070,19,88,1302,4334
1071,19,87,940,2801
1072,19,86,532,2292
1073,19,85,1584,5436
1074,19,84,1328,5017
1075,19,83,1348,4679
1076,19,82,794,2850
1077,19,81,1035,3819
1078,19,80,971,3201
1079,58,88,1026,4860
1080,58,89,1557,7432
1081,85,139,3147,14396
1082,85,138,2670,12167
1083,85,137,2758,12434
1084,85,136,2109,9032
1085,85,135,1885,6874
1086,58,87,1168,6112
1087,85,133,2652,11702
1088,58,81,402,1274
1089,58,82,1394,5829
1090,58,83,1213,4320
1091,34,77,2032,8615
1092,34,76,1421,5818
1093,34,75,1049,3692
1094,34,74,1434,5635
1095,34,73,1470,5603
1096,34,72,1213,5444
1097,34,71,1833,7202
1098,34,70,1338,5306
1099,34,79,1704,6715
1100,34,78,1698,7560
1101,79,141,797,3559
1102,33,108,1472,5525
1103,79,140,762,3212
1104,77,101,1911,8740
1105,77,100,2548,10176
1106,77,103,1786,7772
1107,77,102,2217,9282
1108,77,105,2724,10751
1109,77,104,2674,10600
1110,77,107,2455,9980
1111,77,106,2573,10053
1112,77,109,2744,11529
1113,77,108,2897,11838
1114,73,83,1892,7209
1115,73,82,1395,5857
1116,73,81,1815,8275
1117,73,80,695,3107
1118,73,87,410,1281
1119,73,86,1643,6240
1120,73,85,2746,12134
1121,73,84,1161,4961
1122,73,89,305,1157
1123,73,88,605,2643
1124,33,104,1900,8239
1125,35,98,837,3878
1126,16,85,981,3617
1127,13,118,1961,8228
1128,13,119,743,2728
1129,13,114,1266,5085
1130,13,115,2024,8689
1131,13,116,962,3568
1132,13,117,1024,4128
1133,13,110,1946,7813
1134,13,111,1300,5094
1135,13,112,882,3500
1136,13,113,1387,5224
1137,16,80,932,3420
1138,16,81,502,1563
1139,45,64,1175,4532
1140,45,65,1595,6315
1141,45,66,982,3977
1142,32,135,1508,6055
1143,32,134,2024,8678
1144,32,137,1741,7200
1145,32,136,1040,3774
1146,32,131,816,2414
1147,32,130,1537,6033
1148,32,133,1608,6620
1149,32,132,1658,6281
1150,45,60,1038,4093
1151,32,139,2148,9236
1152,32,138,1860,7620
1153,45,61,374,1519
1154,16,88,1319,4965
1155,16,89,1463,6104
1156,74,108,2221,8685
1157,74,109,2068,8376
1158,74,102,2030,8561
1159,74,103,1504,6622
1160,74,100,1872,7022
1161,74,101,1207,4966
1162,74,106,2540,10557
1163,74,107,2664,11155
1164,74,104,2640,11559
1165,74,105,2048,7597
1166,37,69,726,3260
1167,37,68,1222,5212
1168,37,61,1178,5782
1169,37,60,1748,8140
1170,37,63,2554,10581
1171,37,62,1074,4654
1172,37,65,2722,11784
1173,37,64,2301,10001
1174,37,67,1465,6491
1175,37,66,511,2285
1176,118,126,2485,10540
1177,118,127,2105,9454
1178,118,124,2471,10789
1179,118,125,2141,9151
1180,118,122,2416,10219
1181,118,123,2341,10036
1182,118,120,2670,11549
1183,118,121,2567,11109
1184,118,128,858,3941
1185,118,129,1505,7102
1186,44,89,1487,6744
1187,44,88,1043,4707
1188,78,143,513,1957
1189,44,81,433,1488
1190,44,80,952,4156
1191,44,83,1186,4703
1192,44,82,1734,7185
1193,44,85,1307,4897
1194,44,84,672,2767
1195,44,87,1809,8730
1196,44,86,1592,6839
1197,21,71,1427,5596
1198,21,70,1466,6154
1199,21,73,1598,6451
1200,21,72,976,4396
1201,21,75,782,2778
1202,21,74,1132,4639
1203,21,77,1795,7568
1204,21,76,891,3302
1205,124,141,2909,12714
1206,21,78,1460,6512
1207,124,143,2786,11214
1208,124,142,3024,13374
1209,124,145,2642,11633
1210,124,144,2885,12887
1211,78,145,634,2901
1212,23,108,1342,5858
1213,23,109,1394,6134
1214,23,106,883,3835
1215,23,107,1015,4413
1216,23,104,986,4383
1217,23,105,1321,5357
1218,23,102,890,3481
1219,23,103,866,3698
1220,23,100,1246,4925
1221,23,101,1093,4884
1232,123,133,2631,11325
1233,123,132,2278,9259
1234,123,131,1981,8006
1235,123,130,2111,8845
1236,123,137,2351,10228
1237,123,136,1798,7176
1238,123,135,1932,7860
1239,123,134,2634,11706
1240,123,139,2757,12265
1241,123,138,2409,10033
1252,14,48,1505,5824
1253,14,49,1142,4638
1254,14,40,1681,6734
1255,14,41,885,3124
1256,14,42,937,3906
1257,14,43,1534,5840
1258,14,44,1536,5971
1259,14,45,381,1411
1260,14,46,515,1971
1261,14,47,1749,6690
1262,131,132,903,3469
1263,131,133,910,3887
1264,131,136,748,3175
1265,131,137,976,4437
1266,131,134,1259,5915
1267,131,135,488,2067
1268,131,138,982,4353
1269,131,139,1382,6474
1270,47,80,987,4255
1271,47,81,535,1890
1272,6,78,898,4330
1273,47,82,1835,7586
1274,47,83,1287,5105
1275,47,84,708,2865
1276,47,85,1363,4850
1277,47,86,1693,7240
1278,25,144,2191,9373
1279,25,145,1948,8119
1280,47,87,1844,8829
1281,25,140,2180,8854
1282,25,141,2215,9201
1283,25,142,2331,9861
1284,25,143,2093,7700
1285,66,70,919,3284
1286,66,71,1391,5269
1287,66,72,1487,6573
1288,66,73,1022,3566
1289,66,74,1219,4528
1290,66,75,999,3882
1291,66,76,1205,4711
1292,66,77,1763,6304
1293,66,78,1467,5683
1294,66,79,1263,4782
1295,72,91,168,772
1296,39,63,598,1992
1297,39,62,855,3754
1298,39,61,532,1954
1299,39,60,1056,3885
1300,39,67,1061,3277
1301,39,66,1715,6782
1302,39,65,1126,4199
1303,39,64,822,3188
1304,39,69,1409,5222
1305,39,68,1227,4333
1306,4,39,301,1188
1308,4,35,528,1694
1309,4,34,879,3695
1310,4,37,2114,10066
1311,4,36,354,1289
1312,4,31,1007,3541
1313,4,30,839,3953
1314,4,33,1013,3610
1315,4,32,972,4160
1316,47,53,1098,4687
1317,47,52,1250,5145
1318,47,51,1146,4304
1319,47,50,1148,4474
1320,47,57,1009,3809
1321,47,56,1380,5310
1322,47,55,1341,5097
1323,47,54,436,1424
1324,47,59,484,1711
1325,47,58,776,3174
1326,27,59,1195,4633
1327,27,58,1079,4796
1328,27,55,558,2155
1329,27,54,1175,4484
1330,27,57,338,1546
1331,27,56,319,1027
1332,27,51,466,1786
1333,27,50,763,3127
1334,27,53,779,2889
1335,27,52,587,2775
1336,30,91,1430,5583
1337,30,90,1582,6889
1338,30,93,1682,6243
1339,30,92,2092,8944
1340,30,95,1588,6299
1341,30,94,1938,8733
1342,30,97,1595,4960
1343,30,96,1655,6836
1344,30,99,1435,6048
1345,30,98,1788,8172
1346,91,134,1067,4810
1347,91,135,321,1227
1348,91,136,160,620
1349,91,137,802,3407
1350,91,130,542,2342
1351,91,131,647,2641
1352,91,132,707,2848
1353,91,133,884,3403
1354,91,138,713,3140
1355,91,139,1190,5369
1356,40,107,1314,4907
1357,40,106,1185,4328
1358,40,105,1424,5498
1359,99,128,947,3851
1360,40,103,1301,5425
1361,40,102,1048,4172
1362,40,101,1539,6932
1363,40,100,1404,5617
1364,40,109,1694,6627
1365,40,108,1588,6146
1366,99,122,1642,6709
1367,12,64,1238,4604
1368,12,65,1658,6387
1369,12,66,1330,5089
1370,12,67,941,3107
1371,12,60,1114,4704
1372,12,61,450,2130
1373,12,62,540,2081
1374,12,63,1049,3611
1375,17,41,759,2970
1376,17,40,1944,8881
1377,17,43,1969,8245
1378,17,42,1348,6294
1379,12,68,1107,4163
1380,12,69,1025,3528
1381,17,47,1868,8157
1382,17,46,1529,6508
1383,99,124,1697,7279
1384,69,99,1566,6264
1385,69,98,1904,8368
1386,69,97,1130,4385
1387,69,96,1419,5335
1388,69,95,1535,5031
1389,69,94,2054,8929
1390,69,93,2161,8330
1391,69,92,2572,11030
1392,69,91,1491,4932
1393,69,90,1678,7247
1394,40,85,1284,4863
1395,40,84,758,3437
1396,111,118,565,1674
1397,111,119,1063,4397
1398,40,81,633,2562
1399,40,80,1038,4826
1400,40,83,1312,5253
1401,40,82,1933,8258
1402,111,112,443,1611
1403,111,113,453,1623
1404,40,89,1573,7414
1405,40,88,1129,5377
1406,111,114,12,58
1407,111,115,628,2135
1408,40,86,1791,7913
1409,15,130,1015,3706
1410,15,131,765,3209
1411,15,132,904,3024
1412,15,133,1085,4293
1413,15,134,1270,5421
1414,15,135,986,3728
1415,15,136,1413,5451
1416,15,137,987,3944
1417,15,138,1106,4364
1418,15,139,1393,5980
1419,96,97,269,1126
1420,100,129,1925,7743
1421,100,128,1520,5473
1422,100,125,647,2520
1423,100,124,930,3930
1424,100,127,1473,5496
1425,100,126,1446,5876
1426,100,121,997,4283
1427,100,120,1101,4724
1428,100,123,687,2522
1429,100,122,854,3361
1430,99,112,217,641
1431,99,113,421,1275
1432,99,110,2069,10304
1433,99,111,397,1328
1434,99,116,433,1743
1435,99,117,240,675
1436,99,114,362,1319
1437,99,115,1000,4614
1438,99,118,938,4153
1439,99,119,605,2464
1440,76,97,290,1324
1441,82,134,2005,8678
1442,112,113,495,1720
1443,76,94,1178,5397
1444,112,115,1075,5059
1445,112,114,437,1764
1446,112,117,151,615
1447,95,126,1868,6741
1448,112,119,552,2359
1449,112,118,1013,4598
1450,95,125,2080,8717
1451,76,99,1470,5717
1452,76,98,1028,4837
1453,62,103,762,3481
1454,82,137,1721,7200
1455,62,102,1005,3832
1456,95,123,2280,9602
1457,62,101,294,1238
1458,95,122,2318,9967
1459,94,139,1609,6714
1460,94,138,1188,5107
1461,62,100,917,3392
1462,95,121,2401,10651
1463,11,113,1372,5668
1464,94,131,1376,5798
1465,94,130,1230,5009
1466,94,133,1570,6490
1467,94,132,1350,5367
1468,94,135,945,4317
1469,94,134,1595,7110
1470,94,137,1379,5768
1471,94,136,638,2391
1472,39,121,1217,5306
1473,39,120,1423,6359
1474,39,123,883,4071
1475,39,122,1074,4384
1476,39,125,798,3315
1477,39,124,1129,4953
1478,39,127,1508,5810
1479,39,126,1411,6169
1480,39,129,1694,6708
1481,39,128,1288,4437
1482,62,104,1443,5344
1483,11,141,2472,8735
1484,11,140,2436,8388
1485,11,143,2343,7945
1486,11,142,2588,9395
1487,50,84,967,4172
1488,50,85,1210,4791
1489,50,86,1088,5105
1490,50,87,1480,7364
1491,50,80,988,4369
1492,50,81,279,931
1493,50,82,1231,5450
1494,50,83,1055,3639
1495,18,98,1834,8972
1496,50,88,1338,6112
1497,50,89,1869,8683
1498,18,97,397,1424
1499,18,96,686,2374
1500,44,123,1687,6804
1501,54,126,1735,7629
1502,54,127,1605,7088
1503,54,124,1482,6534
1504,54,125,1152,4896
1505,54,122,1428,5964
1506,54,123,1352,5782
1507,54,120,1777,7940
1508,54,121,1571,6887
1509,13,93,766,2768
1510,54,128,1266,6550
1511,54,129,1448,7170
1512,18,91,1057,4072
1513,18,90,1305,5560
1514,41,48,1537,6714
1515,41,49,1173,5528
1516,61,68,810,3075
1517,61,69,1144,3985
1518,61,66,1231,4987
1519,61,67,644,2018
1520,61,64,801,3013
1521,61,65,1221,4796
1522,61,62,802,3764
1523,61,63,1054,3593
1524,41,44,1753,7828
1525,41,45,777,3463
1526,61,108,1086,4499
1527,61,109,1149,4819
1528,61,100,841,3309
1529,61,101,557,2208
1530,61,102,552,2110
1531,61,103,5,35
1532,61,104,1389,5593
1533,61,105,1038,3884
1534,61,106,1289,4591
1535,61,107,1413,5190
1536,13,96,1635,6056
1537,31,78,1611,7600
1538,31,79,1767,8287
1539,34,99,1130,4177
1540,34,98,1511,6677
1541,34,95,1575,7013
1542,34,94,1661,7237
1543,34,97,1154,4550
1544,34,96,1443,5500
1545,34,91,1164,4273
1546,34,90,1285,5556
1547,34,93,1568,5782
1548,34,92,1978,8482
1549,13,95,1568,5520
1550,81,102,599,2223
1551,81,103,791,2751
1552,81,100,955,3667
1553,81,101,1199,4764
1554,81,106,833,2870
1555,81,107,958,3468
1556,81,104,933,3872
1557,81,105,1030,4099
1558,81,108,1175,4994
1559,81,109,1237,5314
1560,10,97,766,2716
1561,10,96,1054,3667
1562,77,129,929,3776
1563,77,128,911,3799
1564,10,93,1699,6427
1565,10,92,2109,9127
1566,10,91,840,3321
1567,10,90,1126,5029
1568,77,123,2726,11563
1569,77,122,2764,11928
1570,77,121,2847,12612
1571,77,120,2950,13053
1572,77,127,1812,7592
1573,77,126,2363,10017
1574,77,125,2526,10678
1575,77,124,2856,12316
1576,106,142,3160,14578
1577,9,54,1253,5091
1578,9,55,877,3325
1579,9,56,1521,5280
1580,9,57,951,3542
1581,9,50,845,3735
1582,9,51,1423,4941
1583,9,52,670,2921
1584,9,53,1030,3083
1585,9,58,1036,4598
1586,9,59,1273,5240
1587,49,95,1114,5229
1588,49,94,1074,4786
1589,49,97,1386,6782
1590,49,96,1675,7733
1591,49,91,1062,4635
1592,49,90,824,3772
1593,49,93,1411,5649
1594,49,92,1830,7952
1595,49,99,438,1500
1596,49,98,924,4225
1597,90,117,894,3067
1598,32,119,546,2412
1599,32,118,1693,7548
1600,32,117,1179,4759
1601,32,116,874,3644
1602,32,115,1755,8009
1603,32,114,1466,5937
1604,32,113,1118,4544
1605,32,112,1028,4143
1606,32,111,1500,5946
1607,32,110,1223,5158
1608,74,124,2180,9162
1609,74,125,1850,7524
1610,74,126,1636,6861
1611,74,127,1086,4436
1612,74,120,2204,8406
1613,74,121,2101,7965
1614,74,122,2018,7281
1615,74,123,2050,8410
1616,105,137,2258,9331
1617,105,136,1705,6278
1618,105,135,1840,6963
1619,105,134,2542,10809
1620,74,128,761,3492
1621,105,132,2185,8362
1622,105,131,1888,7109
1623,105,130,2019,7948
1624,37,47,2267,9923
1625,37,46,1175,5754
1626,37,45,1216,5536
1627,37,44,2246,9952
1628,37,43,2367,10010
1629,37,42,1747,8059
1630,37,41,552,2225
1631,37,40,2343,10646
1632,37,49,1975,8807
1633,21,119,245,1170
1634,21,118,1395,6195
1635,118,140,1536,6359
1636,118,141,1598,6795
1637,118,142,1713,7398
1638,118,143,1461,5909
1639,118,144,1848,8840
1640,118,145,1600,7707
1641,57,113,1007,3932
1642,45,111,1442,5478
1643,45,110,1257,5337
1644,45,113,1060,4076
1645,45,112,966,3786
1646,45,115,1697,7541
1647,45,114,1408,5469
1648,72,95,407,1691
1649,72,94,778,3303
1650,45,119,484,2054
1651,45,118,1635,7080
1652,72,99,954,3365
1653,72,98,627,2743
1654,21,59,743,2930
1655,21,58,614,2554
1656,21,57,218,810
1657,21,56,735,2726
1658,21,55,239,697
1659,21,54,723,2782
1660,21,53,366,1079
1661,21,52,121,534
1662,21,51,477,1709
1663,21,50,311,1425
1664,23,128,897,3755
1665,23,129,1592,7744
1666,23,120,1969,8733
1667,23,121,1763,7680
1668,23,122,1620,6758
1669,23,123,1544,6575
1670,23,124,1675,7327
1671,23,125,1344,5689
1672,23,126,2033,8336
1673,23,127,1653,7250
1674,31,58,947,3728
1675,31,59,584,2012
1676,31,56,1288,4996
1677,31,57,1136,4607
1678,31,54,678,2454
1679,31,55,1475,5607
1680,31,52,1311,5301
1681,31,53,1292,5199
1682,31,50,1221,4618
1683,31,51,1059,4295
1684,124,127,1255,5304
1685,124,126,1207,5069
1686,124,125,332,1638
1687,124,129,2277,9901
1688,124,128,1871,7630
1689,102,113,1200,4244
1690,20,98,522,2260
1691,20,99,235,538
1692,20,94,669,2855
1693,20,95,1037,4701
1694,20,96,1445,6586
1695,20,97,1861,8695
1696,20,90,747,3244
1697,20,91,1089,4732
1698,20,92,1912,7840
1699,20,93,1493,5537
1700,54,66,1465,7054
1701,54,67,877,3786
1702,54,64,422,1922
1703,54,65,840,3705
1704,54,62,1179,5214
1705,54,63,697,2336
1706,54,60,554,2385
1707,54,61,669,2870
1708,54,68,1043,4842
1709,54,69,1506,6500
1710,66,136,1292,5057
1712,104,115,1742,7733
1713,104,116,989,3585
1714,104,117,1088,4346
1715,21,108,964,3845
1716,21,109,1027,4165
1717,41,107,2080,8505
1718,104,112,885,3805
1719,66,98,1814,7606
1720,66,99,1592,7127
1721,66,96,1227,4392
1722,66,97,938,3442
1723,66,94,1965,8167
1724,104,113,1378,5512
1725,66,92,2832,12373
1726,66,93,2421,9673
1727,66,90,1559,6685
1728,66,91,1273,4978
1729,45,82,813,3559
1730,45,83,1018,4082
1731,104,118,1679,7272
1732,45,80,985,3089
1733,104,119,980,3692
1734,4,59,485,1311
1735,4,58,466,1606
1736,21,102,430,1456
1737,4,53,828,2991
1738,4,52,522,2215
1739,4,51,400,1726
1740,21,103,139,670
1741,4,57,329,1604
1742,4,56,658,2743
1743,4,55,664,2563
1744,4,54,464,1647
1746,22,39,839,2901
1747,22,34,1534,6248
1748,22,35,267,933
1749,22,36,736,2897
1750,22,37,2295,11020
1751,22,30,1461,6021
1752,22,31,345,1441
1753,22,32,1494,6397
1754,22,33,1176,4649
1755,18,144,1215,5234
1756,18,145,972,3980
1757,27,79,1676,6642
1758,27,78,1874,8321
1759,18,140,1204,4715
1760,18,141,1239,5062
1761,18,142,1355,5722
1762,7,35,490,1673
1763,27,73,2011,8261
1764,27,72,1389,6206
1765,27,71,1841,7405
1766,27,70,1879,7963
1767,27,77,2209,9377
1768,27,76,1304,5112
1769,27,75,1195,4587
1770,27,74,1546,6448
1771,7,37,2518,11760
1772,7,31,204,706
1773,7,33,1399,5390
1774,25,97,1554,6310
1775,25,96,1394,5367
1776,63,111,944,4406
1777,9,75,904,2243
1778,63,110,2491,11348
1779,13,63,725,2716
1780,13,62,941,3674
1781,63,115,1282,6151
1782,93,116,1423,5191
1783,63,114,956,4464
1784,17,67,954,4054
1785,17,66,675,2929
1786,17,65,2323,10018
1787,17,64,1903,8235
1788,17,63,2156,8815
1789,17,62,1154,4831
1790,17,61,1350,5844
1791,17,60,1349,6374
1792,13,67,1191,3644
1793,63,116,811,2699
1794,17,69,867,3988
1795,13,66,1731,6682
1796,6,73,1595,7913
1797,6,72,719,1597
1798,6,71,1219,5779
1799,6,70,1573,7774
1800,6,77,1233,5385
1801,13,65,1253,4924
1802,6,75,987,4490
1803,6,74,1669,8103
1804,6,79,1053,5016
1805,13,64,949,3913
1806,25,99,821,3036
1807,66,116,1409,6798
1808,101,127,743,2801
1809,19,63,1556,5200
1810,32,143,2177,8751
1811,19,62,439,1460
1812,12,15,1811,7619
1813,66,117,1621,7408
1814,26,30,858,3775
1815,26,31,971,3627
1816,26,32,991,3982
1817,26,33,1032,3432
1818,26,34,898,3517
1819,66,118,2008,8442
1820,26,36,398,1333
1821,26,37,2288,10699
1823,26,39,135,534
1824,17,136,1195,4497
1825,17,137,769,2989
1826,17,134,1052,4467
1827,17,135,768,2774
1828,17,132,686,2070
1829,17,133,867,3338
1830,17,130,797,2751
1831,17,131,506,1954
1832,17,138,888,3409
1833,17,139,1175,5025
1834,43,141,2313,10528
1835,12,16,390,1750
1836,74,77,793,2873
1837,12,19,766,2528
1838,74,76,301,1464
1839,99,138,1477,6861
1840,99,139,1954,9090
1841,99,134,1831,8531
1842,99,135,1228,5588
1843,99,136,916,3725
1844,99,137,1565,7128
1845,99,130,1350,6211
1846,99,131,1515,6571
1847,99,132,1470,6569
1848,99,133,1673,7371
1849,52,59,798,2643
1850,52,58,546,2080
1851,76,79,476,2048
1852,76,78,602,2568
1853,52,53,266,540
1854,12,18,1678,7343
1855,52,55,164,306
1856,52,54,777,2494
1857,52,57,473,1321
1858,52,56,987,3242
1859,44,138,1438,6652
1860,44,139,1915,8882
1861,44,132,1431,6361
1862,44,133,1634,7163
1863,44,130,1311,6003
1864,44,131,1560,6557
1865,44,136,877,3517
1866,44,137,1526,6919
1867,44,134,1792,8323
1868,44,135,1189,5379
1869,39,109,713,3053
1870,4,72,1340,6448
1871,39,103,537,1989
1872,15,29,291,1255
1873,39,101,819,3124
1874,39,100,362,1515
1875,39,107,957,3589
1876,39,106,833,2991
1877,39,105,532,1938
1878,39,104,849,3094
1879,15,25,1919,8320
1880,4,78,1466,6418
1881,30,69,653,2579
1882,54,100,1053,4132
1883,54,101,1082,4917
1884,54,102,697,2688
1885,54,103,674,2905
1886,54,104,976,4376
1887,54,105,1129,4564
1888,54,106,932,3335
1889,54,107,1005,4406
1890,54,108,1273,5460
1891,54,109,1336,5779
1892,41,60,1255,6016
1893,41,61,740,3709
1894,41,62,635,2580
1895,41,63,1721,6908
1896,41,64,1500,6721
1897,41,65,1920,8505
1898,41,66,240,1002
1899,41,67,845,3259
1900,41,68,836,3449
1901,41,69,381,1693
1902,94,113,685,2671
1903,94,112,698,2842
1904,94,111,320,1349
1905,94,110,2201,10799
1906,64,101,1538,6627
1907,64,100,1101,4771
1908,94,115,406,1754
1909,94,114,331,1407
1910,94,119,1166,4923
1911,94,118,240,905
1912,64,109,1036,4607
1913,64,108,930,4126
1914,101,139,2146,9043
1915,101,138,1859,7427
1916,101,133,1606,6427
1917,101,132,1656,6088
1918,101,131,816,2390
1919,101,130,1536,5840
1920,101,137,1739,7007
1921,101,136,1038,3581
1922,101,135,1507,5862
1923,101,134,2023,8485
1924,30,66,905,4103
1925,130,144,825,3929
1926,130,145,582,2674
1927,130,142,965,4416
1928,130,143,676,2398
1929,130,140,814,3409
1930,130,141,849,3756
1931,5,116,739,2911
1932,49,119,271,1156
1933,49,118,1118,5061
1934,115,129,1611,7563
1935,115,128,965,4403
1936,115,127,2212,9915
1937,49,114,692,2751
1938,115,125,2248,9612
1939,115,124,2578,11250
1940,115,123,2447,10497
1941,115,122,2523,10680
1942,115,121,2673,11570
1943,115,120,2777,12010
1944,22,51,982,3481
1945,81,128,1097,4663
1946,81,129,1565,7016
1947,81,124,1673,7063
1948,81,125,1342,5425
1949,81,126,1850,7475
1950,81,127,1722,6934
1951,81,120,1967,8469
1952,81,121,1761,7416
1953,81,122,1618,6494
1954,81,123,1427,6181
1955,10,79,1151,4539
1956,5,110,1550,6688
1957,10,75,566,2226
1958,10,74,1046,3802
1959,10,77,1873,8088
1960,5,111,1369,5102
1961,102,109,598,2731
1962,10,70,949,3473
1963,10,73,1081,3770
1964,10,72,1054,4917
1965,78,104,2343,9177
1966,42,78,1219,5767
1967,42,79,1375,6453
1968,42,72,1094,5797
1969,42,73,1685,7827
1970,102,108,535,2411
1971,100,140,2522,10210
1972,42,76,1040,4725
1973,42,77,1554,6822
1974,42,74,1649,7859
1975,42,75,931,4201
1976,78,105,2394,9327
1977,9,72,1393,4934
1978,115,134,1787,8654
1979,9,70,914,3951
1980,9,71,1386,5936
1981,9,76,1201,5377
1982,9,77,1758,6971
1983,9,74,1214,5195
1984,115,135,1184,5710
1985,9,78,1463,6350
1986,9,79,1258,5449
1987,115,136,945,4571
1988,115,137,1521,7250
1989,115,130,1306,6334
1990,115,131,1731,7426
1991,57,98,1387,6100
1992,57,99,1034,3975
1993,115,132,1426,6691
1994,57,92,1461,6470
1995,57,93,1050,3770
1996,57,90,1181,4816
1997,57,91,1029,3511
1998,57,96,1255,4763
1999,57,97,1415,5706
2000,57,94,1538,6660
2001,57,95,1187,4227
2002,105,119,1074,4059
2003,105,118,2238,9623
2004,105,111,1578,6204
2005,105,110,2183,8845
2006,105,113,1664,6620
2007,105,112,1159,4610
2008,105,115,2300,10085
2009,105,114,1543,6195
2010,105,117,1301,5238
2011,105,116,1239,4678
2012,59,116,386,1347
2013,59,117,361,1176
2014,59,114,829,3229
2015,59,115,1155,4916
2016,59,112,254,829
2017,59,113,736,2453
2018,59,110,2066,9996
2019,59,111,817,3171
2020,59,118,1093,4455
2021,59,119,471,1816
2022,14,140,2356,10301
2023,14,141,2392,10648
2024,14,142,2508,11308
2025,14,143,2301,8540
2026,14,144,2368,10820
2027,14,145,2125,9566
2028,7,39,880,3669
2029,44,49,454,1586
2030,44,48,368,1351
2031,44,45,1130,5102
2032,44,47,132,326
2033,44,46,1076,3936
2034,45,139,1995,9652
2035,45,138,1708,8036
2036,45,133,1566,7193
2037,45,132,1506,6696
2038,45,131,1001,3303
2039,45,130,1495,6607
2040,45,137,1589,7616
2041,45,136,1154,3723
2042,45,135,1288,4407
2043,45,134,1872,9094
2044,67,79,850,3437
2045,67,78,873,3711
2046,67,77,1208,4767
2047,67,76,369,1494
2048,67,75,260,970
2049,67,74,611,2831
2050,67,73,794,3058
2051,67,72,426,1599
2052,67,71,1015,4200
2053,67,70,802,3427
2054,23,142,2102,9710
2055,23,143,1521,6728
2056,23,140,1925,8670
2057,23,141,1961,9017
2058,23,144,1949,9083
2059,23,145,1701,7950
2060,31,74,2036,9617
2061,31,75,1659,6974
2062,31,76,1935,8651
2063,31,77,1946,8656
2064,42,109,1324,5013
2065,42,108,1261,4693
2066,31,72,1365,6381
2067,31,73,2413,10601
2068,42,105,1214,4078
2069,42,104,1222,4583
2070,42,107,1246,4179
2071,42,106,1122,3581
2072,42,101,906,3120
2073,42,100,1016,3503
2074,42,103,477,1478
2075,42,102,727,2304
2076,71,89,453,1946
2077,71,88,291,1402
2078,71,85,2583,10286
2079,71,84,791,3687
2080,71,87,872,3818
2081,71,86,1954,7620
2082,71,81,1616,7014
2083,71,80,735,3129
2084,71,83,2389,9999
2085,71,82,2034,8777
2086,8,75,917,3453
2087,87,138,798,3353
2088,82,98,1965,9132
2089,82,99,1611,7008
2090,82,90,1759,7849
2091,82,91,1607,6543
2092,82,92,2269,9904
2093,82,93,1858,7203
2094,82,94,2115,9693
2095,82,95,1764,7259
2096,82,96,1643,6466
2097,82,97,1354,5515
2098,8,9,510,2246
2108,16,24,948,3246
2109,16,25,169,846
2110,16,26,265,1070
2111,16,27,519,2485
2112,16,20,937,3231
2113,16,21,187,771
2114,16,22,765,2430
2115,16,23,750,2573
2116,7,34,1757,6989
2117,8,79,1121,4296
2118,45,88,1371,4634
2119,45,89,1397,6613
2120,7,30,1684,6762
2121,16,29,1469,6322
2122,7,32,1717,7137
2123,8,78,1325,5197
2124,84,138,981,4572
2125,84,139,1458,6802
2126,84,136,318,1089
2127,84,137,1070,4839
2128,84,134,1335,6243
2129,84,135,682,2846
2130,84,132,975,4281
2131,84,133,1177,5083
2132,84,130,854,3923
2133,84,131,1080,4346
2134,127,128,1224,4870
2135,127,129,939,3650
2136,43,140,2277,10181
2137,86,116,1303,5930
2138,43,142,2454,11220
2139,43,143,1873,8239
2140,43,144,2301,10594
2141,43,145,2053,9461
2142,86,117,1608,7045
2143,40,144,2045,9641
2144,86,114,1899,8112
2145,4,71,1787,7868
2146,4,70,1800,8182
2147,4,73,1931,8479
2148,86,115,2188,10184
2149,4,75,1177,4852
2150,4,74,1896,8511
2151,4,77,1801,7474
2152,4,76,1287,5377
2153,4,79,1622,7105
2154,15,24,2263,9882
2155,15,27,1622,7654
2156,15,26,1940,8261
2157,15,21,1704,7284
2158,15,20,2251,9868
2159,15,23,1939,8835
2160,15,22,2080,9067
2161,86,110,1058,4503
2162,142,143,580,2518
2163,86,111,1933,8122
2164,142,145,384,1710
2165,142,144,245,487
2166,22,58,646,2559
2167,22,59,264,808
2168,5,118,1561,6704
2169,5,119,411,1679
2170,22,52,1010,4133
2171,22,53,991,4030
2172,5,114,1334,5093
2173,5,115,1624,7165
2174,22,56,1218,4359
2175,22,57,950,3671
2176,22,54,377,1286
2177,22,55,1174,4439
2178,33,90,936,4828
2179,33,91,815,3545
2180,53,96,861,3437
2181,53,97,898,4305
2182,53,94,1193,4972
2183,53,95,793,2901
2184,53,92,1952,7804
2185,53,93,1542,5104
2186,53,90,788,3490
2187,53,91,636,2185
2188,40,143,1617,7286
2189,40,142,2198,10267
2190,40,141,2057,9575
2191,40,140,2021,9228
2192,53,98,1043,4411
2193,53,99,1214,4460
2194,33,93,1561,5631
2195,17,89,577,1986
2196,17,88,1013,3715
2197,17,85,2488,10804
2198,17,84,1447,6959
2199,17,87,420,1597
2200,17,86,1235,5238
2201,17,81,1557,6944
2202,17,80,972,4155
2203,17,83,2211,9299
2204,17,82,1124,4994
2205,6,59,668,2347
2206,6,58,368,1356
2207,6,51,1222,4389
2208,6,50,642,2246
2209,12,22,1155,4180
2210,6,52,732,2929
2211,12,24,1339,4996
2212,6,54,329,1187
2213,6,57,964,3490
2214,12,27,174,763
2215,33,94,1312,6509
2216,6,47,437,1154
2217,67,108,1700,5962
2218,12,29,1523,6364
2219,67,106,1831,6607
2220,67,107,1956,7205
2221,67,104,1513,5171
2222,67,105,1527,4875
2223,67,102,1119,3546
2224,67,103,660,1898
2225,67,100,1351,4300
2226,67,101,660,2178
2227,6,115,841,4076
2228,6,114,309,809
2229,6,117,556,1831
2230,6,116,322,1089
2231,6,111,344,818
2232,6,110,1845,9558
2233,6,113,197,529
2234,6,112,538,1826
2235,6,119,750,2741
2236,6,118,779,3615
2237,43,101,1576,6490
2238,33,96,1093,4772
2239,12,20,1327,4981
2240,14,18,1307,5172
2241,12,21,352,1606
2242,6,53,697,3214
2243,12,23,1140,4323
2244,6,55,897,3235
2245,33,97,804,3822
2246,12,25,329,1388
2247,17,110,614,3140
2248,17,111,1753,7759
2249,17,112,1694,7489
2250,17,113,1371,6357
2251,17,114,1719,7750
2252,17,115,2008,9822
2253,33,89,1212,5433
2254,33,88,1051,4536
2255,17,118,1946,9361
2256,17,119,1333,5634
2257,33,85,1898,8227
2258,6,56,1480,5407
2259,33,83,1053,3989
2260,33,82,1022,3534
2261,33,81,967,4367
2262,33,80,665,2990
2263,29,139,1383,5891
2264,29,138,1096,4275
2265,29,131,474,1954
2266,29,130,773,2687
2267,29,133,843,3274
2268,29,132,893,2935
2269,29,135,744,2709
2270,29,134,1260,5332
2271,29,137,976,3854
2272,29,136,1170,4432
2273,52,77,1695,7028
2274,52,76,791,2763
2275,52,75,682,2238
2276,52,74,1032,4099
2277,52,73,1498,5912
2278,52,72,876,3857
2279,52,71,1327,5056
2280,52,70,1366,5614
2281,45,76,1130,3742
2282,52,79,1162,4293
2283,52,78,1360,5972
2284,13,81,821,3075
2285,13,80,1260,4249
2286,13,83,258,1126
2287,13,82,1162,4622
2288,13,85,494,1883
2289,13,84,1483,5663
2290,13,87,1814,7291
2291,13,86,1020,4276
2292,13,89,1790,6933
2293,13,88,1646,5794
2294,18,88,1009,3835
2295,18,89,573,2106
2296,11,103,690,3146
2297,11,102,934,3498
2298,11,105,1074,3726
2299,11,104,1372,5010
2300,11,107,1752,6955
2301,11,106,1628,6357
2302,18,80,967,4274
2303,18,81,1639,7391
2304,18,82,930,4085
2305,18,83,2294,9745
2306,18,84,1529,7406
2307,18,85,2571,11251
2308,18,86,1041,4328
2309,18,87,416,1716
2310,63,99,670,2665
2311,63,98,1072,4950
2312,63,91,1576,7034
2313,63,90,1234,5546
2314,63,93,795,3259
2315,63,92,1214,5562
2316,63,95,1524,7003
2317,63,94,1218,5545
2318,63,97,2010,8794
2319,63,96,1931,8888
2320,67,109,1546,5654
2321,7,36,959,3638
2322,41,88,1431,5882
2323,41,89,995,4153
2324,41,86,838,3776
2325,41,87,839,3763
2326,41,84,1301,5422
2327,41,85,2081,7937
2328,41,82,650,2817
2329,41,83,1845,7180
2330,41,80,944,3605
2331,41,81,1154,5430
2332,61,144,1885,8436
2333,61,145,1642,7181
2334,7,104,828,3225
2335,61,140,1873,7916
2336,61,141,1909,8263
2337,61,142,2025,8923
2338,61,143,1787,6763
2339,44,114,309,971
2340,44,115,663,2790
2341,44,116,553,2021
2342,44,117,326,1266
2343,44,110,2151,10507
2344,44,111,337,886
2345,64,129,1904,8880
2346,64,128,1231,5040
2347,64,127,2061,8798
2348,64,126,2121,9392
2349,64,125,1497,6530
2350,64,124,1827,8167
2351,44,118,601,2329
2352,64,122,1772,7598
2353,64,121,1915,8520
2354,64,120,2122,9574
2355,101,115,1753,7816
2356,101,114,1464,5744
2357,101,117,1177,4566
2358,101,116,872,3451
2359,101,111,1499,5753
2360,101,110,1224,5134
2361,101,113,1117,4351
2362,101,112,1027,3951
2363,101,119,544,2219
2364,101,118,1691,7355
2365,25,80,1018,3560
2366,25,81,697,2409
2367,25,82,965,4381
2368,25,83,573,2291
2369,25,84,1241,4975
2370,25,85,898,3354
2371,25,86,823,4035
2372,25,87,1573,6602
2373,25,88,1405,5106
2374,25,89,1549,6245
2375,51,69,1252,4541
2376,51,68,1238,4318
2377,51,61,581,2284
2378,51,60,1245,4858
2379,51,63,733,2572
2380,51,62,768,3095
2381,51,65,1260,4779
2382,51,64,956,3768
2383,51,67,1072,3261
2384,51,66,1557,6102
2385,34,115,1767,7973
2386,34,114,1478,5901
2387,34,117,1158,4459
2388,34,116,854,3344
2389,34,111,1512,5910
2390,34,110,1197,5033
2391,34,113,1130,4508
2392,34,112,1008,3843
2393,80,86,1308,5592
2394,34,119,526,2112
2395,34,118,1705,7512
2396,49,137,1985,9397
2397,49,136,1096,4633
2398,49,135,1215,5399
2399,49,134,2010,9439
2400,49,133,1852,8816
2401,49,132,1650,7477
2402,49,131,1253,5544
2403,49,130,1781,8229
2404,49,139,2133,9998
2405,49,138,1656,7769
2406,77,140,546,2650
2407,10,59,1207,5438
2408,10,58,661,3639
2409,10,53,691,3066
2410,10,52,482,2186
2411,10,51,1127,4297
2412,10,50,844,3847
2413,10,57,763,2808
2414,10,56,1277,4729
2415,10,55,539,2001
2416,10,54,1187,5289
2417,42,50,320,298
2418,42,51,774,2557
2419,42,52,436,1420
2420,42,53,564,2425
2421,42,54,422,1136
2422,42,55,600,1726
2423,42,56,1032,3575
2424,42,57,515,1658
2425,42,58,219,954
2426,42,59,442,1285
2427,9,18,536,2685
2428,9,19,437,1699
2429,9,10,432,1038
2430,78,99,1239,4577
2431,9,12,1110,3918
2432,9,13,1121,4393
2433,9,14,750,2550
2434,9,15,518,2752
2435,9,16,960,3820
2436,78,98,806,3700
2437,33,95,1226,6285
2438,78,91,463,1766
2439,78,90,421,1998
2440,14,122,767,2900
2441,14,123,923,3726
2442,14,120,953,4024
2443,14,121,849,3584
2444,14,126,870,3084
2445,14,127,757,2705
2446,59,136,1232,4903
2447,14,125,723,2840
2448,59,138,1792,8038
2449,59,139,2270,10267
2450,14,128,1386,4956
2451,14,129,1457,6315
2452,37,87,931,4034
2453,37,86,1093,4510
2454,37,85,2887,12569
2455,37,84,1846,8725
2456,141,142,145,762
2457,80,138,863,3694
2458,80,139,1341,5924
2459,80,132,831,3214
2460,80,133,830,4131
2461,80,130,664,2800
2462,80,131,532,2684
2463,80,136,169,634
2464,80,137,952,3961
2465,80,134,1217,5365
2466,80,135,444,1685
2467,44,69,1687,6961
2468,44,68,1226,5540
